subject,csp_lda,eegnet
1,0.7223340040241448,0.6512072434607646
