{"classes": ["left_hand", "right_hand"], "positive_class": "left_hand", "weights": [2.3486780807921264, -0.48608083436607785], "bias": 1.283014601007892, "n_features": 2, "boundary2d": {"comp_x": 0, "comp_y": 1, "w": [2.3486780807921264, -0.48608083436607785], "b": 1.283014601007892}, "confusion": {"labels": ["left_hand", "right_hand"], "matrix": [[56, 24], [29, 51]]}, "accuracy": 0.66875, "kappa": 0.3375, "n_eval": 160, "holdout_kind": "inter-sesión", "cv_folds": 5, "has_model": true}