{"classes": ["left_hand", "right_hand"], "positive_class": "left_hand", "weights": [5.762879888856787, 4.535390062708757, -0.2810076965897679, -0.9346001609317227], "bias": 11.988584564483062, "n_features": 4, "boundary2d": {"comp_x": 0, "comp_y": 3, "w": [4.176977472900205, -1.910199041930838], "b": 1.940633635207611}, "confusion": {"labels": ["left_hand", "right_hand"], "matrix": [[25, 5], [10, 20]]}, "accuracy": 0.75, "kappa": 0.5, "n_eval": 60, "holdout_kind": "inter-sesión", "cv_folds": 5, "has_model": true}