{"classes": ["left_hand", "right_hand"], "positive_class": "left_hand", "weights": [1.8987832411961136, -2.2363026859619737], "bias": -0.32454384226508637, "n_features": 2, "boundary2d": {"comp_x": 0, "comp_y": 1, "w": [1.8987832411961136, -2.2363026859619737], "b": -0.32454384226508637}, "confusion": {"labels": ["left_hand", "right_hand"], "matrix": [[57, 23], [21, 59]]}, "accuracy": 0.725, "kappa": 0.44999999999999996, "n_eval": 160, "holdout_kind": "inter-sesión", "cv_folds": 5, "has_model": true}