{"classes": ["left_hand", "right_hand"], "positive_class": "left_hand", "weights": [1.0760533769194751, 0.7833600344008289, -2.288456243165456, -1.034067362048063], "bias": 0.3273594797815349, "n_features": 4, "boundary2d": {"comp_x": 0, "comp_y": 3, "w": [2.5082900293174077, 1.00344547339499], "b": 6.382588338743005}, "confusion": {"labels": ["left_hand", "right_hand"], "matrix": [[14, 16], [5, 25]]}, "accuracy": 0.65, "kappa": 0.30000000000000004, "n_eval": 60, "holdout_kind": "inter-sesión", "cv_folds": 5, "has_model": true}