{"classes": ["left_hand", "right_hand"], "positive_class": "left_hand", "weights": [0.7990606361188668, -0.8503686274437285], "bias": 0.113889342206285, "n_features": 2, "boundary2d": {"comp_x": 0, "comp_y": 1, "w": [0.7990606361188668, -0.8503686274437285], "b": 0.113889342206285}, "confusion": {"labels": ["left_hand", "right_hand"], "matrix": [[42, 38], [29, 51]]}, "accuracy": 0.58125, "kappa": 0.16249999999999998, "n_eval": 160, "holdout_kind": "inter-sesión", "cv_folds": 5, "has_model": true}