{"channels": ["F7", "F3", "Fz", "F4", "F8", "FC5", "FC1", "FC2", "FC6", "C3", "Cz", "C4", "CP5", "CP1", "CP2", "CP6", "P7", "P3", "Pz", "P4", "P8", "POz"], "pos2d": {"F7": [-0.6550039157571477, 0.6661845444292129], "F3": [-0.4721301675395676, 0.7899774533139338], "Fz": [-0.011202215236043521, 0.85], "F4": [0.45814405933736596, 0.7968165895716169], "F8": [0.6509818879835323, 0.6789571650999078], "FC5": [-0.7190616343891297, 0.4681054203716248], "FC1": [-0.3254747754713787, 0.5623935572918726], "FC2": [0.30191906155723497, 0.5634363110746399], "FC6": [0.7094078279166911, 0.4747708356428316], "C3": [-0.6119190546728482, 0.2128610303362179], "Cz": [-0.012522329183906547, 0.25167158908382053], "C4": [0.5953350292580728, 0.2148191577396803], "CP5": [-0.7428238167737581, -0.121617865329862], "CP1": [-0.3410511230317143, -0.09864010843274126], "CP2": [0.332365025729191, -0.09936507348725097], "CP6": [0.7417994968793193, -0.12267813955745702], "P7": [-0.6785273833048637, -0.3838638496060619], "P3": [-0.5015574578993542, -0.40288372814959056], "Pz": [-0.015577987954624839, -0.41202112155407017], "P4": [0.48877921195102414, -0.4040157060016315], "P8": [0.6473112300405314, -0.3851105939509192], "POz": [-0.017312894697095158, -0.6201696504294342]}, "pos3d": {"F7": [-0.07187662505917264, 0.07310352742670875, 0.025790455878913307], "F3": [-0.05180903841183724, 0.08668789888287941, 0.07871409302883386], "Fz": [-0.001229271161566281, 0.09327445200029715, 0.1026392934768164], "F4": [0.050274277731628736, 0.08743838910239796, 0.07727065434234194], "F8": [0.07143526925150917, 0.07450512647808137, 0.025101027393177114], "FC5": [-0.07890597635539306, 0.05136738419239063, 0.062962347939219], "FC1": [-0.03571586037883836, 0.06171405984105545, 0.11798301537735344], "FC2": [0.033130982370817734, 0.06182848606183057, 0.1167816981344542], "FC6": [0.0778466192866476, 0.052098811200362666, 0.06286710628925257], "C3": [-0.0671487229331174, 0.023358230537446293, 0.10451068106024831], "Cz": [-0.0013741334028190722, 0.027617093595102737, 0.14019949417439556], "C4": [0.06532888071838541, 0.0235731049615695, 0.10369243420047652], "CP5": [-0.08151351110863697, -0.013345693814222136, 0.07313262712367305], "CP1": [-0.03742512541749303, -0.0108242377168398, 0.13344371157184132], "CP2": [0.036471959575241124, -0.010903791502932459, 0.1328122726312171], "CP6": [0.08140110772413488, -0.013462042634867975, 0.07336367003861291], "P7": [-0.07445796452347851, -0.042123164958505765, 0.04127363138738122], "P3": [-0.0550382318026169, -0.04421030466234088, 0.09990897692200874], "Pz": [-0.001709445046746896, -0.045212993324122014, 0.12667292418209622], "P4": [0.05363601546337514, -0.04433452185507687, 0.100516027732151], "P8": [0.07103247088902218, -0.04225997601209522, 0.0411988627819509], "POz": [-0.00189982442989459, -0.06805409916590743, 0.09590999936124336]}}