{"classes": ["left_hand", "right_hand"], "positive_class": "left_hand", "weights": [1.2104564856750315, 0.5836488783892193, -0.44513162691314356, -0.2691669287681151], "bias": 0.9496212724273221, "n_features": 4, "boundary2d": {"comp_x": 0, "comp_y": 3, "w": [0.7988677838104294, -0.8084835511835031], "b": 0.008943430031610689}, "confusion": {"labels": ["left_hand", "right_hand"], "matrix": [[23, 7], [7, 23]]}, "accuracy": 0.7666666666666667, "kappa": 0.5333333333333333, "n_eval": 60, "holdout_kind": "inter-sesión", "cv_folds": 5, "has_model": true}