{"classes": ["left_hand", "right_hand"], "positive_class": "left_hand", "weights": [8.437020263518036, 1.9528934620144298, -0.6198525925903269, -3.1594510706942316], "bias": 5.848079207571033, "n_features": 4, "boundary2d": {"comp_x": 0, "comp_y": 3, "w": [6.249731681461391, -4.816183935183643], "b": -1.585230148810087}, "confusion": {"labels": ["left_hand", "right_hand"], "matrix": [[27, 3], [8, 22]]}, "accuracy": 0.8166666666666667, "kappa": 0.6333333333333333, "n_eval": 60, "holdout_kind": "inter-sesión", "cv_folds": 5, "has_model": true}