{"classes": ["left_hand", "right_hand"], "positive_class": "left_hand", "weights": [3.8571807644825356, 4.114025299076232, -0.37729229901914607, -3.492454586088492], "bias": 6.608275298209236, "n_features": 4, "boundary2d": {"comp_x": 0, "comp_y": 3, "w": [3.8336105292563474, -4.888066356001982], "b": -0.8326362275330794}, "confusion": {"labels": ["left_hand", "right_hand"], "matrix": [[49, 20], [1, 71]]}, "accuracy": 0.851063829787234, "kappa": 0.7002733070148801, "n_eval": 141, "holdout_kind": "inter-sesión", "cv_folds": 5, "has_model": true}