{"classes": ["left_hand", "right_hand"], "positive_class": "left_hand", "weights": [1.8126593643474251, -1.7941844446393702], "bias": 0.11979753259858938, "n_features": 2, "boundary2d": {"comp_x": 0, "comp_y": 1, "w": [1.8126593643474251, -1.7941844446393702], "b": 0.11979753259858938}, "confusion": {"labels": ["left_hand", "right_hand"], "matrix": [[70, 10], [37, 43]]}, "accuracy": 0.70625, "kappa": 0.4125, "n_eval": 160, "holdout_kind": "inter-sesión", "cv_folds": 5, "has_model": true}