{"classes": ["left_hand", "right_hand"], "positive_class": "left_hand", "weights": [2.451517190255572, 2.1731978379216343, 1.7448158104748472, 1.0459307383503074], "bias": 13.17151742462238, "n_features": 4, "boundary2d": {"comp_x": 0, "comp_y": 3, "w": [1.5009850750181926, -4.570915851144576], "b": 0.6642206535310322}, "confusion": {"labels": ["left_hand", "right_hand"], "matrix": [[21, 9], [19, 11]]}, "accuracy": 0.5333333333333333, "kappa": 0.06666666666666665, "n_eval": 60, "holdout_kind": "inter-sesión", "cv_folds": 5, "has_model": true}