{"classes": ["left_hand", "right_hand"], "positive_class": "left_hand", "weights": [4.808927006485732, 3.46496102195772, -3.8654370901098503, -3.042596736646715], "bias": 1.7473688840765362, "n_features": 4, "boundary2d": {"comp_x": 0, "comp_y": 3, "w": [4.60619789072873, -3.916634495265706], "b": 0.776280664160538}, "confusion": {"labels": ["left_hand", "right_hand"], "matrix": [[67, 2], [24, 48]]}, "accuracy": 0.8156028368794326, "kappa": 0.6334733053389322, "n_eval": 141, "holdout_kind": "inter-sesión", "cv_folds": 5, "has_model": true}