{"classes": ["left_hand", "right_hand"], "positive_class": "left_hand", "weights": [0.9074544882483337, 2.082147484825498, 2.581959295909428, 0.7680397331846507], "bias": 8.49302913702627, "n_features": 4, "boundary2d": {"comp_x": 0, "comp_y": 3, "w": [0.5491144852666494, 0.019759934207804974], "b": 1.3389157726908394}, "confusion": {"labels": ["left_hand", "right_hand"], "matrix": [[17, 13], [9, 21]]}, "accuracy": 0.6333333333333333, "kappa": 0.2666666666666667, "n_eval": 60, "holdout_kind": "inter-sesión", "cv_folds": 5, "has_model": true}