{"classes": ["left_hand", "right_hand"], "positive_class": "left_hand", "weights": [3.8026814320212274, 1.1762164009637157, -0.3885462481385247, -4.00088994019945], "bias": 3.4665425707720345, "n_features": 4, "boundary2d": {"comp_x": 0, "comp_y": 3, "w": [4.007404007298359, -3.6486895289427843], "b": 0.7752774109980631}, "confusion": {"labels": ["left_hand", "right_hand"], "matrix": [[29, 0], [15, 15]]}, "accuracy": 0.7457627118644068, "kappa": 0.49572649572649574, "n_eval": 59, "holdout_kind": "inter-sesión", "cv_folds": 5, "has_model": true}