{"classes": ["left_hand", "right_hand"], "positive_class": "left_hand", "weights": [1.4885428517657715, 0.18528864517355714], "bias": 1.2299662377486982, "n_features": 2, "boundary2d": {"comp_x": 0, "comp_y": 1, "w": [1.4885428517657715, 0.18528864517355714], "b": 1.2299662377486982}, "confusion": {"labels": ["left_hand", "right_hand"], "matrix": [[75, 5], [50, 30]]}, "accuracy": 0.65625, "kappa": 0.3125, "n_eval": 160, "holdout_kind": "inter-sesión", "cv_folds": 5, "has_model": true}