{"classes": ["left_hand", "right_hand"], "positive_class": "left_hand", "weights": [2.9033853790524162, 3.793259729340683, -0.8473475486898359, 0.5553738975637259], "bias": 9.320242131112252, "n_features": 4, "boundary2d": {"comp_x": 0, "comp_y": 3, "w": [2.389435301357132, -0.9436466295954489], "b": 2.134086786159564}, "confusion": {"labels": ["left_hand", "right_hand"], "matrix": [[61, 8], [63, 9]]}, "accuracy": 0.49645390070921985, "kappa": 0.008910008910008926, "n_eval": 141, "holdout_kind": "inter-sesión", "cv_folds": 5, "has_model": true}