{"classes": ["left_hand", "right_hand"], "positive_class": "left_hand", "weights": [0.9397653923333564, 1.0344737190432625, -0.10011646574776023, -0.6333228134204774], "bias": 0.9442374105065028, "n_features": 4, "boundary2d": {"comp_x": 0, "comp_y": 3, "w": [0.5567827652462043, -0.5633435120337964], "b": -0.744426738687963}, "confusion": {"labels": ["left_hand", "right_hand"], "matrix": [[17, 12], [16, 14]]}, "accuracy": 0.5254237288135594, "kappa": 0.05275229357798161, "n_eval": 59, "holdout_kind": "inter-sesión", "cv_folds": 5, "has_model": true}