{"classes": ["left_hand", "right_hand"], "positive_class": "left_hand", "weights": [1.659751092350092, 1.2970865859193381, -0.7918646815160582, -0.6455331771914246], "bias": 3.031962807703735, "n_features": 4, "boundary2d": {"comp_x": 0, "comp_y": 3, "w": [1.6945497203122102, -0.7897823726729598], "b": 0.8594237760946157}, "confusion": {"labels": ["left_hand", "right_hand"], "matrix": [[20, 9], [12, 17]]}, "accuracy": 0.6379310344827587, "kappa": 0.27586206896551724, "n_eval": 58, "holdout_kind": "inter-sesión", "cv_folds": 5, "has_model": true}