{"classes": ["left_hand", "right_hand"], "positive_class": "left_hand", "weights": [3.1029039208057156, 1.3302614651767044], "bias": 3.179999033642787, "n_features": 2, "boundary2d": {"comp_x": 0, "comp_y": 1, "w": [3.1029039208057156, 1.3302614651767044], "b": 3.179999033642787}, "confusion": {"labels": ["left_hand", "right_hand"], "matrix": [[63, 17], [63, 17]]}, "accuracy": 0.5, "kappa": 0.0, "n_eval": 160, "holdout_kind": "inter-sesión", "cv_folds": 5, "has_model": true}