{"classes": ["left_hand", "right_hand"], "positive_class": "left_hand", "weights": [0.7122630515042303, 4.120693531612716, -1.0814469630745691, -1.6377360277586916], "bias": 0.4973771699899743, "n_features": 4, "boundary2d": {"comp_x": 0, "comp_y": 3, "w": [0.29362478332475206, -1.439080278951181], "b": -1.7339850754927113}, "confusion": {"labels": ["left_hand", "right_hand"], "matrix": [[22, 8], [6, 23]]}, "accuracy": 0.7627118644067796, "kappa": 0.5258323765786452, "n_eval": 59, "holdout_kind": "inter-sesión", "cv_folds": 5, "has_model": true}