{"classes": ["left_hand", "right_hand"], "positive_class": "left_hand", "weights": [4.371406096006012, 2.734979358870305, 4.941506700704849, 4.34101766779213], "bias": 22.92005410949423, "n_features": 4, "boundary2d": {"comp_x": 0, "comp_y": 3, "w": [1.8040102780688159, 1.1692987335880929], "b": 4.33936882929126}, "confusion": {"labels": ["left_hand", "right_hand"], "matrix": [[21, 9], [16, 12]]}, "accuracy": 0.5689655172413793, "kappa": 0.1296518607442978, "n_eval": 58, "holdout_kind": "inter-sesión", "cv_folds": 5, "has_model": true}