{"classes": ["left_hand", "right_hand"], "positive_class": "left_hand", "weights": [0.6515604923215506, 1.8904871536232122, -7.265221361613953, -4.987827370710477], "bias": -13.916511228645504, "n_features": 4, "boundary2d": {"comp_x": 0, "comp_y": 3, "w": [2.696993302109618, -3.55754704737274], "b": -1.3330860773122453}, "confusion": {"labels": ["left_hand", "right_hand"], "matrix": [[63, 6], [57, 15]]}, "accuracy": 0.5531914893617021, "kappa": 0.11953612845673511, "n_eval": 141, "holdout_kind": "inter-sesión", "cv_folds": 5, "has_model": true}