{"classes": ["left_hand", "right_hand"], "positive_class": "left_hand", "weights": [-0.19061622992649063, 0.5511956098666246, -9.14037020935939, -6.945072307290559], "bias": -20.558502330716692, "n_features": 4, "boundary2d": {"comp_x": 0, "comp_y": 3, "w": [5.2452399517364015, -4.620572281575072], "b": -1.158838078775858}, "confusion": {"labels": ["left_hand", "right_hand"], "matrix": [[30, 0], [18, 12]]}, "accuracy": 0.7, "kappa": 0.4, "n_eval": 60, "holdout_kind": "inter-sesión", "cv_folds": 5, "has_model": true}