{"classes": ["left_hand", "right_hand"], "positive_class": "left_hand", "weights": [2.5477191840726405, 0.1688305816254143, 1.7269547903937905, 0.22384494143584277], "bias": 7.538568462608964, "n_features": 4, "boundary2d": {"comp_x": 0, "comp_y": 3, "w": [2.005413873332067, -0.7948578483211168], "b": 3.3969458579687135}, "confusion": {"labels": ["left_hand", "right_hand"], "matrix": [[15, 15], [5, 23]]}, "accuracy": 0.6551724137931034, "kappa": 0.3176470588235294, "n_eval": 58, "holdout_kind": "inter-sesión", "cv_folds": 5, "has_model": true}