{"classes": ["left_hand", "right_hand"], "positive_class": "left_hand", "weights": [1.1238927411065731, -0.8190653551601343], "bias": 0.28171351211216233, "n_features": 2, "boundary2d": {"comp_x": 0, "comp_y": 1, "w": [1.1238927411065731, -0.8190653551601343], "b": 0.28171351211216233}, "confusion": {"labels": ["left_hand", "right_hand"], "matrix": [[67, 13], [52, 28]]}, "accuracy": 0.59375, "kappa": 0.1875, "n_eval": 160, "holdout_kind": "inter-sesión", "cv_folds": 5, "has_model": true}