{"classes": ["left_hand", "right_hand"], "positive_class": "left_hand", "weights": [3.6873854118116185, 1.2238719363375026, -0.1942673401049575, -1.1940769773381987], "bias": 5.178452940131706, "n_features": 4, "boundary2d": {"comp_x": 0, "comp_y": 3, "w": [3.7340663167540953, -1.851369176791934], "b": 2.8143380260071353}, "confusion": {"labels": ["left_hand", "right_hand"], "matrix": [[63, 6], [31, 41]]}, "accuracy": 0.7375886524822695, "kappa": 0.47887323943661975, "n_eval": 141, "holdout_kind": "inter-sesión", "cv_folds": 5, "has_model": true}