{"classes": ["left_hand", "right_hand"], "positive_class": "left_hand", "weights": [0.37543808447497895, -0.2992395925747928], "bias": 0.026143867387190767, "n_features": 2, "boundary2d": {"comp_x": 0, "comp_y": 1, "w": [0.37543808447497895, -0.2992395925747928], "b": 0.026143867387190767}, "confusion": {"labels": ["left_hand", "right_hand"], "matrix": [[25, 55], [32, 48]]}, "accuracy": 0.45625, "kappa": -0.08749999999999991, "n_eval": 160, "holdout_kind": "inter-sesión", "cv_folds": 5, "has_model": true}