{"classes": ["left_hand", "right_hand"], "positive_class": "left_hand", "weights": [4.469937710538204, -0.6387458888654578, -1.7514732837775, -4.7515240868597175], "bias": -5.06965539880116, "n_features": 4, "boundary2d": {"comp_x": 0, "comp_y": 3, "w": [5.394849946191329, -4.201697122175148], "b": 0.10321666125577167}, "confusion": {"labels": ["left_hand", "right_hand"], "matrix": [[29, 1], [3, 27]]}, "accuracy": 0.9333333333333333, "kappa": 0.8666666666666667, "n_eval": 60, "holdout_kind": "inter-sesión", "cv_folds": 5, "has_model": true}