{"classes": ["left_hand", "right_hand"], "positive_class": "left_hand", "weights": [3.830494162588195, 1.820555853181645], "bias": 3.9460904248232964, "n_features": 2, "boundary2d": {"comp_x": 0, "comp_y": 1, "w": [3.830494162588195, 1.820555853181645], "b": 3.9460904248232964}, "confusion": {"labels": ["left_hand", "right_hand"], "matrix": [[66, 14], [42, 38]]}, "accuracy": 0.65, "kappa": 0.30000000000000004, "n_eval": 160, "holdout_kind": "inter-sesión", "cv_folds": 5, "has_model": true}