{"classes": ["left_hand", "right_hand"], "positive_class": "left_hand", "weights": [0.6693433325938258, -1.1044115974587498, -6.763082796990602, -4.410754911262757], "bias": -16.478250948829782, "n_features": 4, "boundary2d": {"comp_x": 0, "comp_y": 3, "w": [3.034064934479588, -3.2130176226253866], "b": -0.3435557728282532}, "confusion": {"labels": ["left_hand", "right_hand"], "matrix": [[25, 44], [19, 53]]}, "accuracy": 0.5531914893617021, "kappa": 0.09917858229388499, "n_eval": 141, "holdout_kind": "inter-sesión", "cv_folds": 5, "has_model": true}