{"classes": ["left_hand", "right_hand"], "positive_class": "left_hand", "weights": [2.1111681631712997, 0.8741583304621088, -0.6304028021221129, -5.409482186008063], "bias": -0.8279002871602188, "n_features": 4, "boundary2d": {"comp_x": 0, "comp_y": 3, "w": [1.1870408555915617, -6.343288713575376], "b": -3.2136738718881332}, "confusion": {"labels": ["left_hand", "right_hand"], "matrix": [[21, 8], [17, 13]]}, "accuracy": 0.576271186440678, "kappa": 0.15666094911377926, "n_eval": 59, "holdout_kind": "inter-sesión", "cv_folds": 5, "has_model": true}