{"classes": ["left_hand", "right_hand"], "positive_class": "left_hand", "weights": [0.6442675510935487, -0.3780651111640623, -2.973988551617822, -6.866783388604858], "bias": -13.980337515882184, "n_features": 4, "boundary2d": {"comp_x": 0, "comp_y": 3, "w": [3.7235744838375524, -4.552271411994042], "b": -1.8893740321286572}, "confusion": {"labels": ["left_hand", "right_hand"], "matrix": [[29, 1], [5, 24]]}, "accuracy": 0.8983050847457628, "kappa": 0.7960829493087558, "n_eval": 59, "holdout_kind": "inter-sesión", "cv_folds": 5, "has_model": true}