{"channels": ["C3", "Cz", "C4"], "pos2d": {"C3": [-0.85, 0.2956794275388552], "Cz": [-0.017394424515855583, 0.3495901117764938], "C4": [0.826963584488972, 0.2983994086870692]}, "pos3d": {"C3": [-0.0671487229331174, 0.023358230537446293, 0.10451068106024831], "Cz": [-0.0013741334028190722, 0.027617093595102737, 0.14019949417439556], "C4": [0.06532888071838541, 0.0235731049615695, 0.10369243420047652]}}