{"classes": ["left_hand", "right_hand"], "positive_class": "left_hand", "weights": [4.379747771481448, 2.7192762801926165, -3.253219197909857, -2.0957044177752095], "bias": 2.40790736041572, "n_features": 4, "boundary2d": {"comp_x": 0, "comp_y": 3, "w": [4.039908573089534, -2.885988684232636], "b": 1.5514446410912583}, "confusion": {"labels": ["left_hand", "right_hand"], "matrix": [[27, 41], [17, 55]]}, "accuracy": 0.5857142857142857, "kappa": 0.16254125412541254, "n_eval": 140, "holdout_kind": "inter-sesión", "cv_folds": 5, "has_model": true}