{"classes": ["left_hand", "right_hand"], "positive_class": "left_hand", "weights": [0.10753323740772203, 1.5385922137183456, -4.650579924886415, -4.125736351251817], "bias": -10.309773652703257, "n_features": 4, "boundary2d": {"comp_x": 0, "comp_y": 3, "w": [2.120573121008867, -2.7180787583260866], "b": -0.9575032108367196}, "confusion": {"labels": ["left_hand", "right_hand"], "matrix": [[29, 40], [14, 58]]}, "accuracy": 0.6170212765957447, "kappa": 0.2276323797930615, "n_eval": 141, "holdout_kind": "inter-sesión", "cv_folds": 5, "has_model": true}