{"classes": ["left_hand", "right_hand"], "positive_class": "left_hand", "weights": [-0.37427424273033694, -0.07341168551678834, -4.11783952675097, -2.9141026280738345], "bias": -10.998259524354353, "n_features": 4, "boundary2d": {"comp_x": 0, "comp_y": 3, "w": [2.157363663535321, -1.287826090343799], "b": 0.9783211719630742}, "confusion": {"labels": ["left_hand", "right_hand"], "matrix": [[44, 25], [44, 28]]}, "accuracy": 0.5106382978723404, "kappa": 0.0264184929450616, "n_eval": 141, "holdout_kind": "inter-sesión", "cv_folds": 5, "has_model": true}