{"classes": ["left_hand", "right_hand"], "positive_class": "left_hand", "weights": [1.6188346385260104, 0.9102931580245155, -0.5915469673558391, 2.1538465838812044], "bias": 8.27925257334914, "n_features": 4, "boundary2d": {"comp_x": 0, "comp_y": 3, "w": [2.129753100931026, 3.3539268578871315], "b": 7.609351410852071}, "confusion": {"labels": ["left_hand", "right_hand"], "matrix": [[18, 12], [13, 17]]}, "accuracy": 0.5833333333333334, "kappa": 0.16666666666666663, "n_eval": 60, "holdout_kind": "inter-sesión", "cv_folds": 5, "has_model": true}