{"classes": ["left_hand", "right_hand"], "positive_class": "left_hand", "weights": [1.9395221865387384, 1.785216612734395, 1.900253978528525, 5.413934268426601], "bias": 18.000969953831742, "n_features": 4, "boundary2d": {"comp_x": 0, "comp_y": 3, "w": [2.8172247534434725, 2.315535954685984], "b": 8.351672196138807}, "confusion": {"labels": ["left_hand", "right_hand"], "matrix": [[26, 3], [0, 29]]}, "accuracy": 0.9482758620689655, "kappa": 0.896551724137931, "n_eval": 58, "holdout_kind": "inter-sesión", "cv_folds": 5, "has_model": true}